Computer_Idn,SystemPerformance_Idn,MemScore,CPUScore,GraphicsScore,GamingScore,DiskScore
163,110,7.4,7,5.2,6.6,7.9
166,4482,8.6,8.6,5.9,9.9,8.15
167,113,7.3,7,4.8,6.5,7.9
181,4944,8.7,8.7,5.9,9.9,8.2
189,124,7.4,7,4.9,6.7,7.9
192,3383,5.9,6.6,4.3,3.7,5.7
199,4451,8.6,8.6,6.1,9.9,7.9
200,125,7.5,7.3,5.9,7.3,8.1
201,5052,7.5,7.3,5.9,7.3,8.15
202,437,8.1,8.1,5.9,5.9,8.15
205,139,7.5,7.2,5.2,5.1,5.9
214,130,7.5,7,6.7,6.7,7.9
245,4069,7.4,7.3,5.6,9.9,8.15
272,156,7.2,7.1,5.3,6.5,7.9
276,4911,8.6,8.6,5.7,9.9,8.15
284,4908,8.3,8.3,8.4,9.9,8.8
302,186,7.4,7,5.1,6.7,7.9
308,743,7.4,7.3,5.9,7.2,8.15
312,5113,8.6,8.6,5.9,9.9,8.1
339,436,7.6,7.2,6.8,6.8,7.9
351,543,7.9,7.7,7.1,7.1,7.9
362,418,7.4,7,5.1,6.7,7.9
378,194,7.7,7.2,6.7,6.7,7.1
380,4978,7.5,7.4,4.6,9.9,7.9
383,416,7.5,7,4.9,6.6,7.9
388,3224,7.5,7.5,6.1,9.9,8.2
393,737,7.5,7.1,6.6,6.6,7.9
400,542,7.8,7.7,5.3,7.1,7.9
418,210,7.6,7.3,6.1,9.9,7.85
421,201,7.5,7.2,5.9,6.6,5.9
422,4485,7.5,7.5,5.9,9.9,8.15
449,219,7.9,7.9,4.4,4.7,8.15
451,246,7.6,7.2,5.4,6.7,7.7
457,4098,8.3,8.3,8.1,9.9,8.15
459,1123,8.7,8.7,6.1,9.9,8.15
475,3495,7.9,7.6,6.3,9.9,8.15
481,216,7.5,7.2,5.4,6.7,5.9
485,5047,9.1,9.1,6.7,9.9,8
506,1075,7.4,7.3,5.2,5.2,8.1
515,4337,6.7,6.7,4.7,4.1,5.5
519,270,5.9,7.2,4.5,6.7,7.9
522,232,7.6,7.2,5.3,6.7,7.8
525,3221,7.7,7.4,6.5,9.9,8.2
527,234,7.6,7.5,6.1,6.1,8.7
533,3600,7.6,7.4,5.9,9.9,8.2
539,4166,8.7,8.7,6.1,9.9,8.1
562,477,7.7,7.7,4.7,7.1,7.9
581,4696,7.9,6.4,5.5,9.9,8.15
613,786,7.5,7.5,7.4,7.4,5.9
629,260,7.8,7.7,7,7,7.9
649,3595,7.4,7.3,6.1,9.9,8.15
653,4227,8.6,8.6,5.6,9.9,8.15
671,390,7.4,7,4.8,5.9,7.9
676,731,7.7,7.4,6,9.9,8
678,297,9.1,9.1,6.9,9.9,8.1
703,946,7.4,7.4,5.4,6.1,5.9
717,303,7.5,7.1,6.7,6.7,5.9
720,311,7.7,7.7,4.9,6.3,5.9
762,4203,8.7,8.7,5.8,9.9,8.2
763,323,7.7,7.3,6.8,6.8,7.9
767,326,7.4,7,5.9,6.7,7.9
768,343,7.4,7,6.7,6.7,7.9
774,4791,7.5,7.3,5.6,9.9,8.15
778,4516,8.6,8.6,5.6,9.9,8.15
779,335,7.4,7.1,5.5,6.5,7.9
784,1153,7.7,7.7,7.1,7.1,7.9
785,354,7.6,7.2,5.8,6.6,7.9
793,347,7.4,7.2,4.6,6.6,7.9
805,386,7.7,7.7,7,7,7.9
825,5032,7.8,7.5,6.3,9.9,8.9
831,395,7.6,7.3,4.8,5.1,8.1
834,440,8.1,8.1,6,6,8.05
848,401,7.4,7.4,5.3,9.9,8.15
858,419,7.2,7,4.4,6.3,7.9
876,4877,7.5,7.5,4.5,9.9,5.9
883,2620,8.3,8.3,8,9.9,8.95
887,4342,9,9,8.4,9.9,9.1
888,3313,5.9,7.3,4.6,9.9,8.15
895,469,5.9,7.1,5,6.5,7.9
904,476,7.5,7.2,5,6.4,7.9
906,4874,7.4,7.3,5.4,5.6,8.15
908,4190,9.1,9.1,6.8,9.9,7.55
910,4461,7.8,7.5,6.1,9.9,8.7
933,600,7.5,7.5,5,9.9,8.2
937,505,7.4,7,5.4,6.7,7.9
942,508,8.3,8.3,5.4,9.9,8.15
948,712,7.5,7.2,6.6,6.6,7.9
951,1235,7.7,7.2,6.5,6.5,7.9
952,612,8.1,8.1,6.5,9.9,8.05
960,804,7.8,7.7,7.1,7.1,7.9
964,3410,7.9,7.6,6.7,9.9,8.15
974,892,7.5,7.2,5.9,6.6,7.9
978,566,5.9,7,4.7,6.4,7.9
993,3835,7.6,7.6,5.5,9.9,8.15
1003,583,7.6,7.5,5.9,5.9,8.2
1007,586,8.3,8.3,6.4,9.9,9.05
1010,4378,9.1,9.1,8.4,9.9,8.8
1012,4340,7.4,7.3,5.4,9.9,8.15
1013,871,8.3,8.3,8.4,9.9,9.05
1014,2697,8.4,8.4,6.7,9.9,8.15
1019,635,7.4,7.3,5.3,9.9,5.9
1021,5207,7.5,7.3,5.9,7.1,8.15
1023,596,7.5,7.3,5.9,7.3,8.15
1024,4080,7.5,7.3,5.9,5.9,8.15
1025,1303,7.6,7.4,5.6,9.9,8.05
1041,5216,7.4,7.3,5.8,5.7,5.9
1042,4982,9.1,9.1,6.8,9.9,7.7
1048,3083,7.5,7.3,5.9,7.3,8.15
1050,1114,7.9,7.6,6.2,9.9,8.85
1056,5177,8.6,8.6,8.1,9.9,8.15
1062,2586,7.8,7.8,8.1,9.9,8.15
1070,4359,7.4,7.4,5.2,9.9,8.15
1077,4820,8.2,7.8,8.5,9.9,8.2
1081,4390,8.6,8.6,5.6,9.9,8.15
1083,1272,7.4,7.3,5.9,7.2,8
1086,1137,7.5,7.3,5.9,7.1,8.15
1087,4833,8.6,8.6,5.7,9.9,7.75
1090,4903,9.1,9.1,7.7,9.9,8.95
1092,5159,7.7,7.5,5.6,9.9,5.9
1097,854,8.2,8.2,6.8,9.9,8.15
1099,4208,7.9,7.3,6.9,6.9,7.9
1115,4502,7.9,7.4,6.5,9.9,8.15
1118,4905,7.7,7.5,6.2,9.9,8.15
1132,676,7.9,7.5,6,9.9,8.15
1133,3979,5.9,7.4,4.4,9.9,8.15
1137,734,8.3,8.3,5.8,9.9,9.05
1141,978,7.6,7.4,5.9,9.9,7.95
1148,5056,7.5,7.4,5.2,9.9,8.15
1154,2643,7.8,7.5,6.3,9.9,8.15
1155,678,7.6,7.6,5.3,6.9,7.9
1157,727,7.8,7.5,6.1,9.9,8.9
1159,706,8.8,8.8,6.5,9.9,8.8
1169,687,8.8,8.8,7.4,9.9,5.9
1175,785,7.5,7.5,5.5,6.3,5.9
1176,692,8.2,8.2,8.7,8.7,8.65
1177,844,8.2,8.2,6.4,9.9,8.9
1178,693,8.3,8.3,5.9,9.9,8.2
1188,705,8,7.7,4.2,9.9,9.4
1192,3256,7.3,7.3,4.4,9.9,5.9
1222,1109,8.3,8.3,6.3,9.9,9.2
1226,740,8.4,8.3,6.3,9.9,9.15
1235,747,8.4,8.3,6.3,9.9,9.15
1241,755,7.6,7.6,5.8,6.6,5.9
1253,765,8.2,8.2,5.9,9.9,8.9
1260,2624,8.1,8.1,8.1,8.1,8.15
1261,770,8.2,8.2,8.7,8.7,8.6
1263,4291,8,7.6,5.9,9.9,8.15
1266,857,6.8,6.8,4.2,9.9,5.9
1282,782,7.8,7.6,6.5,9.9,8.15
1292,4880,8.6,8.6,5.8,9.9,8.15
1293,2587,7.6,7.4,5.9,9.9,8.65
1294,922,7.4,7.3,5.2,9.9,8.15
1295,5206,7.9,7.6,6.1,9.9,8.15
1297,791,7.7,7.7,4.1,5.5,5.9
1304,793,9,9,3.6,9.9,5.9
1305,4459,7.2,7.1,5.3,6.6,5.9
1306,795,8.1,8.1,5.9,5.7,8.05
1311,801,7.2,7.2,5.3,6.7,5.9
1324,818,7.9,7.8,7.7,7.7,7.6
1343,4558,9.1,9.1,6.9,9.9,8.2
1344,832,8.8,8.8,6.3,9.9,8.9
1346,3246,7.9,7.5,5.9,9.9,8.15
1349,4788,8.3,8.3,7.2,9.9,9.05
1356,4184,8.3,8.3,8.4,9.9,9
1372,4987,8.2,8.2,5.6,9.9,8.15
1374,869,8.1,8.1,7.9,7.9,8.05
1376,4815,9.1,9.1,8,9.9,9.1
1377,909,8.3,8.3,8.2,9.9,9.05
1396,876,8.3,8.3,6,9.9,8.15
1403,879,8.2,8.2,8.1,9.9,8.15
1404,881,7.4,6.9,5.1,4.7,5.9
1417,2798,7.5,7.3,5.9,9.9,8.1
1422,925,8,7.5,6.7,9.9,8.4
1428,4053,8.6,8.6,4.6,9.9,7.4
1430,935,7.8,7.5,5.7,9.9,9.1
1437,903,8.2,8.2,5.2,9.9,5.9
1438,4144,9.1,9.1,5.7,9.9,8.15
1441,1185,7.9,7.9,6.7,6.7,8.15
1447,1013,7.5,7.3,5.9,9.9,8.1
1458,972,7.5,7.3,8.1,9.9,8.15
1462,4554,8.3,8.3,7.3,9.9,8.7
1467,1017,7.5,7.3,6,9.9,8.15
1468,4236,7.7,7.6,6.3,9.9,8.75
1476,2552,7.7,7.7,8.1,9.9,8.15
1487,1015,7.4,7.3,5.8,9.9,8.15
1490,1010,7.5,7.5,5.3,9.9,8.15
1507,4781,8.7,8.7,5.7,9.9,8.2
1516,1019,8.8,8.8,6.8,9.9,8.8
1521,951,7.7,7.7,6,6,7.7
1537,4442,7.9,7.5,6.1,9.9,8.1
1540,964,7.5,7.4,5.9,9.9,8.15
1546,2488,7.9,7.6,6.3,9.9,8.15
1548,973,8.3,8.3,6.3,9.9,9.15
1549,4229,8.3,8.3,6.3,9.9,9.1
1550,975,8.3,8.3,6.3,9.9,9.15
1553,3351,8.4,8.3,6.3,9.9,9.15
1555,981,8.4,8.3,6.3,9.9,9.15
1559,983,8.4,8.3,6.3,9.9,9.15
1567,1035,7.3,7.3,5.9,9.9,5.9
1594,990,8.3,8.3,6.3,9.9,9.15
1609,4047,7.5,7.3,6.5,9.9,8.15
1610,4873,8.7,8.7,6.6,9.9,8.15
1612,2468,8.2,8.2,6.8,9.9,8.1
1616,1003,7.7,7.2,6.6,6.6,7.9
1631,4046,7.3,7.2,3.6,9.9,5.9
1639,1023,7.5,7.3,5.9,5.9,5.9
1640,1022,7.6,7.6,5.2,9.9,7.75
1658,1067,7.8,7.6,6.6,9.9,8.15
1677,1051,8.3,8.3,6.5,9.9,9
1699,1071,8.2,8.2,5.9,5.9,8.1
1700,1072,7.7,7.7,6.9,6.9,7.9
1702,1110,7.5,7.5,5.3,9.9,8.15
1706,1107,8.4,8.4,7.4,9.9,8.2
1707,1078,7.6,7.6,5.1,5.8,5.9
1723,1087,7.4,7.2,5.8,9.9,8.05
1727,1164,8.9,8.9,6.6,9.9,8.4
1739,4867,9,9,6.6,9.9,8.05
1751,4496,8.7,8.7,5,9.9,8.05
1757,1134,7.4,7.4,5.1,9.9,8.15
1759,1180,7.4,7.4,5.1,9.9,8.15
1760,4774,7.4,7.4,5.2,9.9,8.15
1764,4474,7.5,7.5,4.5,9.9,8.15
1782,1310,8.3,8.3,7.1,9.9,8.2
1795,1210,7.9,7.5,5.5,9.9,8.15
1800,4288,8.4,8.4,7,9.9,5.9
1801,3499,7.9,7.6,5.4,9.9,8.15
1809,4129,8.3,8.3,6.8,9.9,8.15
1822,1191,8.8,8.8,4.5,9.9,8.9
1826,1177,7.5,7.4,5.1,9.9,8.15
1836,1190,7.5,7.4,5.2,9.9,8.1
1837,4518,7.4,7.4,5,9.9,8.15
1846,1193,7.7,7.6,6.1,9.9,7.8
1848,1199,7.9,7.5,4.9,9.9,8.15
1860,5091,9.1,9.1,8,9.9,8.15
1861,4704,7.9,7.5,6.6,9.9,8.2
1875,5012,7.9,7.4,5.9,9.9,8.2
1891,1208,7.9,7.6,6.2,9.9,8.15
1894,1262,7.7,7.5,5.3,9.9,5.9
1898,3290,8.3,8.3,8,9.9,8.6
1910,1223,6.2,4.9,5.8,9.9,7.3
1918,4426,7.5,7.4,6.1,9.9,8.15
1923,3575,8.7,8.7,5.9,9.9,8.15
1924,1232,7.8,7.5,6.3,9.9,8.9
1931,1271,8.1,8.1,8.4,9.9,8.2
1932,3287,8.3,8.3,6.3,9.9,8.1
1933,1240,7.6,7.1,5.1,6.3,7.9
1938,1242,8.9,8.9,5.8,9.9,8.1
1943,1245,7.8,7.8,6.7,6.7,5.9
1948,1248,7.8,7.8,6.7,6.7,5.9
1951,1251,7.6,7.5,6,6,8.7
1952,4959,7.5,7.5,4.7,5.2,8.15
1953,5130,7.6,7.5,6.2,6.2,8.7
1955,1311,7.4,7.4,4.7,9.9,8.15
1958,2696,7.3,7.3,8.1,9.9,5.9
1985,1324,8.8,8.8,6.5,9.9,8.7
1990,1279,8.2,8.2,6.7,9.9,8.2
2011,1293,8.2,8.2,8,9.9,8.15
2012,1295,7.9,7.6,6.3,9.9,8.7
2021,1300,7.2,7,5.3,6.6,7.9
2025,1305,8.8,8.8,6.3,9.9,8.85
2030,2434,7.9,7.6,6.9,9.9,8.15
2035,2417,7.9,7.6,5.8,9.9,8.15
2039,3319,7.6,7.5,6.7,9.9,8.15
2043,1367,7.6,7.4,6.1,9.9,8.2
2045,5182,8.8,8.8,6.3,9.9,8.45
2046,2415,8.2,8.2,5.8,9.9,8.05
2047,1320,7.2,7,5.1,6.6,7.9
2048,4356,8.8,8.8,6.7,9.9,8.1
2056,4945,7.6,7.3,6,9.9,8.1
2058,4453,7.9,7.6,6.6,9.9,8.15
2061,4797,8.8,8.8,6.2,9.9,8.55
2063,4402,7.8,7.5,5.9,9.9,8.15
2069,1373,8.3,8.3,6.9,9.9,8.2
2071,4307,8.7,8.7,6.4,9.9,8.15
2073,1335,8.3,8.3,6.7,9.9,8.15
2078,1339,7.7,7.5,6.4,6.4,7.9
2085,3804,7.9,7.5,6.6,9.9,8.15
2091,3496,7.9,7.3,6.1,9.9,7.55
2093,2754,7.6,7.3,6.3,9.9,8.15
2103,4372,8.2,8.2,6.8,9.9,8.15
2109,4769,8.1,7.8,6.1,9.9,5.9
2118,5046,7.9,7.6,6.7,9.9,8.15
2123,1401,7.4,7.3,5.6,9.9,8.15
2127,4180,7.9,7.5,6.9,9.9,8.2
2130,2428,7.9,7.6,6.6,9.9,8.2
2146,2785,8.2,7.3,6.1,9.9,8.15
2149,4849,7.6,7.4,8,9.9,8.2
2169,2429,7.4,7.3,5.1,9.9,8.1
2203,4598,7.9,7.6,6.8,9.9,8.2
2220,2412,8.3,8.3,6.3,9.9,8.2
2225,2484,8.4,8.4,5.9,9.9,8.15
2240,3914,7.9,7.6,5.4,9.9,8.15
2241,3904,8.2,7.6,6.9,9.9,8.15
2256,4778,7.8,7.6,6.4,9.9,8.15
2257,4927,8.4,8.4,7.5,9.9,9
2259,5142,8.8,8.8,6.7,9.9,8.9
2265,2469,7.5,7.5,5.2,9.9,8.15
2268,4476,7.9,7.6,5.4,9.9,8.15
2280,2453,7.6,7.5,6,6,8
2283,2456,7.8,7.4,5.9,9.9,8.9
2291,2518,7.9,7.6,5.4,9.9,8.15
2303,2549,7.8,7.5,5.3,9.9,8.15
2309,2475,7.5,7,5.4,6.6,7.9
2310,2477,8.1,8.1,8.8,9.9,8.2
2311,4172,7.8,7.8,7.2,9.9,8.1
2312,2479,8.3,8.3,5.8,5.6,7.75
2318,4132,8.3,8.3,6.7,9.9,8.7
2325,3761,7.5,7.5,5.7,9.9,8
2329,3352,7.9,7.5,6.7,9.9,8.15
2334,2541,7.5,7,6.8,6.8,7.9
2336,4274,7.5,7.5,5.7,9.9,8.15
2337,4963,8.6,8.6,5.9,9.9,8.05
2339,3817,8.2,8.2,6.2,9.9,8.1
2340,2521,7.5,7.2,6.8,6.8,5.9
2342,4301,9.1,9.1,7.8,9.9,8.15
2347,2505,7.5,7,5.9,6.6,7.9
2348,3708,8.8,8.8,6.9,9.9,8.15
2354,4449,7.9,7.5,5.3,9.9,5.9
2357,2529,8.9,8.9,9.1,9.9,9
2371,2551,7.2,7,5.3,6.6,7.9
2374,4311,8.6,8.6,5.8,9.9,8.15
2376,2534,5.5,4.8,2,4,7.8
2378,2536,7.3,7.3,5.9,7.2,5.9
2379,4310,8.6,8.6,5.9,9.9,8.15
2383,2538,8.2,8.2,6.1,9.9,8.75
2384,2506,7.3,7,5.9,6.7,7.9
2388,3910,7.9,7.6,6.7,9.9,8.15
2396,2513,8,8,5.5,5.2,5.9
2398,3799,7.3,7.3,5.1,9.9,5.9
2400,2520,8.3,8.3,5.4,9.9,8.1
2407,2535,7.5,6.9,6.6,6.6,7.9
2409,2594,8.2,8.2,5.6,9.9,8.15
2425,2559,7.4,7,5.9,6.7,7.9
2426,2560,7.4,7,5.6,6.7,7.9
2428,3864,7.9,7.5,5.4,9.9,8.15
2435,2558,7.6,7.2,6.7,6.7,7.9
2445,4537,8.6,8.6,8,9.9,8.15
2446,2561,7.7,7.2,5.9,7.3,8.15
2450,3824,7.5,7.3,8.1,9.9,8.15
2455,2583,7.9,7.6,6.7,9.9,8.15
2457,4948,7.9,7.6,6.3,9.9,8.15
2461,4040,7.6,7.5,6.7,9.9,8.1
2469,4428,7.9,7.6,6.8,9.9,8.2
2471,2568,7.3,7.3,5.3,5.4,8.15
2472,4875,7.9,7.6,6.8,9.9,8.2
2476,2693,8.2,8.2,6.1,9.9,8.2
2480,3940,7.9,7.6,6.5,9.9,8.15
2485,4868,8.7,8.7,5.2,9.9,8.15
2486,2646,7.9,7.6,6.2,9.9,8.15
2492,2601,7.5,7.3,8.1,9.9,8.15
2493,2576,7.2,7,5.3,6.6,7.9
2494,2614,7.8,7.6,6.3,9.9,8.2
2498,5188,7.9,7.6,6.5,9.9,8.15
2503,5069,7.3,7.3,4.8,9.9,5.9
2506,2590,7.5,7.1,6.5,6.5,7.9
2510,3304,7.6,7.4,5.6,9.9,8.15
2513,2625,7.8,7.6,6.1,9.9,8.2
2515,4921,7.9,7.6,6.6,9.9,8.15
2517,4801,7.9,7.6,6.6,9.9,8.15
2521,2636,7.5,7.5,4.5,9.9,8.15
2525,4450,8.3,8.3,8.1,9.9,8.15
2527,3172,7.9,7.5,5.6,9.9,8.1
2530,2611,8.3,8.3,8.3,9.9,8.1
2531,4960,7.5,7.5,5.1,9.9,8.2
2532,4861,7.5,7.5,5.1,9.9,8.15
2538,4864,8.2,8.2,5.2,9.9,5.9
2590,4997,8.7,8.7,4.8,9.9,8.15
2621,4361,7.5,7.5,5.2,9.9,8.1
2625,3836,7.9,7.6,6.8,9.9,8.7
2631,3439,7.4,7.4,5.1,9.9,8.15
2632,2727,8.3,8.3,5.9,9.9,8.2
2634,2664,7.9,7.6,6.7,9.9,8.15
2638,2681,7.5,7.4,8.1,9.9,5.9
2649,2676,8.4,8.4,6,9.9,8.95
2683,3679,7.9,7.6,6.6,9.9,8.15
2690,2692,8.3,8.3,6.8,9.9,8.05
2696,3540,7.8,7.6,6.2,9.9,8.5
2698,2671,7.6,7.3,7.1,7.1,5.9
2707,3874,7.9,7.6,6.6,9.9,8.2
2720,4535,7.5,7.3,3.3,9.9,5.9
2728,2685,8.3,8.3,8,9.9,9.05
2729,4923,7.9,7.6,5.7,9.9,8.05
2737,3527,7.9,7.6,6.6,9.9,8.15
2739,2717,8.3,8.3,8,9.9,8.05
2740,2719,8.3,8.3,6.8,9.9,8.2
2742,3402,8.3,8.3,8.2,9.9,8.1
2752,3946,7.9,7.5,6.7,9.9,8.2
2757,4258,7.9,7.6,6.8,9.9,8.2
2759,4287,7.9,7.6,5.3,9.9,8.2
2772,4831,7.8,7.5,4.7,9.9,8.15
2776,4994,7.8,7.5,5.1,9.9,8.15
2783,2781,7.9,7.6,6.7,9.9,8.2
2788,4095,7.3,7.3,8.1,9.9,5.9
2795,4758,8.3,8.3,8.4,9.9,8.1
2798,4025,7.8,7.6,6.6,9.9,8.2
2810,4891,7.9,7.6,6.8,9.9,8.2
2813,2738,8.4,8.4,8.1,9.9,8.2
2821,3081,7.5,7.5,5.1,9.9,8.2
2832,3150,8.3,8.3,6.5,9.9,8.15
2850,3164,7.7,7.7,4.8,9.9,8.7
2852,2748,8.1,8.1,6.7,9.9,5.9
2860,3502,7.6,7.6,5.3,9.9,9.15
2864,3478,8.8,8.8,6.3,9.9,8.6
2867,2757,7.7,7.7,7.1,7.1,7.9
2868,2759,8.1,7.9,5.2,9.9,5.9
2895,4750,7.8,7.6,5.9,9.9,8.15
2898,3087,5.9,7.4,4.8,9.9,8.15
2910,2792,8.2,8.2,6.6,9.9,8.15
2918,3362,7.8,7.6,6.4,9.9,8.75
2922,4973,8.8,8.8,7.2,9.9,8.7
2928,2814,7.8,7.7,7.1,7.1,7.9
2930,2812,7.6,7.3,7.1,7.1,5.9
2933,2821,7.8,7.7,7,7,5.9
2945,3590,8.4,8.4,6.7,9.9,8.15
2951,2826,7.2,7.1,5.3,6.6,7.9
2952,2829,7.9,6.4,5.7,5.6,8.15
2953,2834,7.9,7.7,7.1,7.1,7.9
2956,2825,7.3,7.1,5.3,6.6,7.9
2958,2848,7.6,7.3,6.8,6.8,5.9
2959,2832,7.8,7.7,7.1,7.1,5.9
2960,2837,7.7,7.6,5,6.3,5.9
2962,5174,8.7,8.7,4.9,9.9,8.15
2964,2839,7.9,7.8,5.1,6.3,7.9
2967,3370,7.6,7.5,6.5,9.9,8
2969,2840,7.2,7.1,5.3,6.6,7.9
2977,4478,8.7,8.7,5.2,9.9,8.15
3001,2869,7.7,7.3,7,7,5.9
3008,3266,7.9,7.6,5,6.3,7.9
3012,4509,8.7,8.7,5.4,9.9,8.1
3013,2872,7.9,7.5,6.1,9.9,8.15
3016,2871,7.2,7.1,5.3,6.6,7.9
3024,2880,7.6,7.1,6.6,6.6,7.9
3032,3511,7.4,7.4,5,9.9,8.15
3067,5195,8.8,8.8,8.1,9.9,8.85
3074,4552,7.6,7.5,8.1,9.9,5.9
3077,3607,7.7,7.6,8.1,9.9,8.15
3078,5065,8.8,8.8,5.3,9.9,8.1
3082,2919,7.2,7.1,5.3,6.6,7.9
3086,2921,7.5,7.1,6.5,6.5,7.9
3087,2923,7.2,7.1,5.3,6.6,7.9
3091,2927,7.5,7.2,5.9,6.5,7.9
3092,2936,8.7,8.7,5.3,9.9,8.2
3097,2928,7.6,7.2,6.7,6.7,5.9
3104,2951,7.6,7.3,6,6,5.9
3111,2937,7.7,7.6,5.1,6.3,5.9
3117,2943,7.6,7.2,7,7,5.9
3121,4400,8.7,8.7,4.8,9.9,8.15
3122,2941,7.2,7.1,4.6,6.5,7.9
3126,2944,7.7,7.3,7.1,7.1,7.9
3135,4952,7.5,7.5,5.6,9.9,8.65
3137,2950,7.5,7.1,6.5,6.5,7.9
3139,2953,7.5,7.1,6.6,6.6,7.9
3148,2958,7.3,7.1,5.4,5.3,8.15
3151,3325,7.7,7.6,8.1,9.9,5.9
3154,2960,7.3,7.1,5.3,6.6,7.9
3155,2963,7.6,7.3,7,7,5.9
3164,2966,7.2,7.1,5.2,6.6,7.9
3168,2969,8.1,7.6,8,9.9,8.9
3176,2970,7.7,7.3,7.1,7.1,5.9
3180,2975,7.5,7.1,6.5,6.5,7.9
3184,4064,8,7.6,8.1,9.9,8.65
3187,2965,8.2,7.6,6,9.9,8.15
3190,4724,8.8,8.8,8.1,9.9,8.2
3194,5225,7.5,7.5,5.2,9.9,8.8
3203,2986,8.3,8.3,8.1,9.9,8.55
3207,2991,7.2,7.1,5.3,6.6,7.9
3208,2992,7.6,7.6,5.3,9.9,8.95
3211,2995,7.7,7.3,7,7,5.9
3215,3134,7.6,7.6,5.1,9.9,8.3
3216,2999,7.6,7.6,5.2,9.9,8.85
3217,3094,7.6,7.6,5.6,9.9,8.5
3218,3000,8.3,7.6,7.4,9.9,8.4
3220,3001,7.6,7.6,5.1,9.9,8.95
3221,3002,7.9,7.6,7.7,9.9,8.6
3223,4514,8.8,8.8,7.2,9.9,8.6
3224,5170,8.8,8.8,5.3,9.9,8.5
3225,3006,7.6,7.6,5.3,9.9,8.85
3226,4532,8.8,8.8,5.2,9.9,8.85
3227,3009,7.5,7.5,5.3,9.9,8.9
3228,4488,8.8,8.8,5.1,9.9,8.6
3229,5057,8.1,7.6,6.4,9.9,8.85
3230,3012,8.1,7.6,6.7,9.9,8.95
3232,5138,8,7.6,7.6,9.9,8.6
3234,3013,7.6,7.6,5.3,9.9,8.85
3236,5009,8.8,8.8,5.6,9.9,8.9
3250,4391,8.7,8.7,4.5,9.9,8.15
3255,4111,8,7.6,7.2,9.9,8.5
3264,3033,6.2,3.8,4.1,5.4,7.9
3267,5153,8.7,8.7,4.8,9.9,8
3270,3038,7.6,7.6,5.2,9.9,8.95
3275,3041,7.6,7.6,5.1,9.9,8.95
3279,3044,8.7,8.7,5.3,9.9,7.8
3291,3049,7.7,7.3,7,7,7.9
3298,3938,7.3,7.1,5.3,6.6,5.9
3304,4418,8.8,8.8,6.9,9.9,8.35
3305,3058,7.5,7.2,5.9,6.7,7.9
3316,4712,7.5,7.5,5.3,9.9,8.05
3318,3066,7.2,7.1,5.3,6.6,7.9
3319,3067,7.6,7.2,7,7,5.9
3323,3069,7.2,7.1,5.3,6.6,7.9
3329,3180,7.8,7.6,6.8,9.9,8.2
3332,3197,8.2,8.2,4.9,9.9,8.15
3334,3079,7.3,7.1,5.3,6.6,7.9
3344,4794,7.9,7.5,5.3,9.9,8.15
3345,5154,7.8,7.6,6.5,9.9,8.2
3354,4327,9.1,9.1,8,9.9,8.4
3355,3165,7.6,7.6,5.2,9.9,9.15
3360,3098,7.5,7.2,6.4,6.4,5.9
3374,3112,8.2,8.2,5.3,9.9,8.15
3376,4736,7.6,7.6,5,9.9,8.15
3390,4869,7.5,7.3,5.7,9.9,8.1
3396,3273,8.2,8.2,6.6,9.9,8.15
3397,3223,8.2,8.2,6.4,9.9,8.15
3401,3354,7.9,7.6,5.2,9.9,8.1
3411,3200,8.2,8.2,6,9.9,8.2
3412,4980,8.2,8.2,6.4,9.9,8.2
3413,3738,7.6,7.6,5.2,9.9,9.15
3414,3201,7.6,7.6,4.9,9.9,9.1
3415,3216,7.7,7.7,5.3,9.9,9.25
3417,3139,7.4,7,6.4,6.4,7.9
3419,4800,8.8,8.8,6.7,9.9,8.15
3426,4735,9.1,9.1,5.3,9.9,8.15
3427,3210,8.2,8.2,6.8,9.9,8.2
3435,4179,7.9,7.6,6.7,9.9,8.2
3448,3756,7.9,7.7,6.9,6.9,7.9
3449,4989,7.7,7.7,4.8,9.9,9.1
3457,3288,7.9,7.6,7.4,9.9,8.75
3469,3186,7.7,7.3,7.1,7.1,5.9
3474,3193,7.8,7.7,7.4,7.4,7.9
3481,3198,7.6,7.1,6.6,6.6,7.9
3485,3298,7.9,7.6,6.7,9.9,8.2
3501,5014,8.1,8.1,6.8,9.9,7.9
3502,4271,8.1,7.6,6.9,9.9,8.75
3503,3251,7.8,7.6,5.3,9.9,8.15
3508,3574,7.4,7.1,5.9,6.4,8.05
3510,4936,7.9,7.5,5.4,9.9,8.15
3512,3264,7.9,7.6,5.4,9.9,8.2
3517,5007,8.8,8.8,6.5,9.9,8.95
3524,4933,7.8,7.6,5.9,9.9,8.2
3528,3232,5.1,3.5,2.2,3.6,5.9
3535,3297,8.4,8.4,8,9.9,8.15
3536,3243,7.8,7.4,6.4,6.4,5.9
3541,3292,7.4,7.4,5.5,9.9,8.15
3543,3399,8.5,8.5,8,9.9,9.2
3545,4919,7.4,7.4,5.3,9.9,8.15
3560,4164,5.9,6.6,4.3,9.9,5.9
3561,4951,8.8,8.8,6.5,9.9,8.2
3565,3366,7.7,7.7,4.8,9.9,9
3575,4726,7.6,7.6,5.1,9.9,9.2
3581,3280,8.2,7.6,6.7,9.9,8.5
3585,4033,7.6,7.6,5,9.9,8.75
3587,3713,7.9,7.6,6.6,9.9,8.2
3590,3282,5.5,4.8,2,4,7.8
3613,3431,8.4,8.4,5.9,9.9,8.15
3615,4263,7.9,7.6,6.7,9.9,9.25
3621,3302,8.4,8.4,8.1,9.9,8.85
3631,4668,7.7,7.7,5.3,9.9,8.95
3632,4832,7.6,7.6,5.2,9.9,8.7
3645,3384,8.3,8.3,8.2,9.9,7.65
3653,4847,8.8,8.8,5.1,9.9,9.1
3654,4380,9.1,9.1,8.4,9.9,8.15
3655,3324,7.9,7.6,6.7,9.9,9.25
3660,4295,7.9,7.1,2.8,9.9,8.55
3663,3367,7.6,7.6,4.6,9.9,8.7
3665,3407,7.7,7.7,5.3,9.9,8.9
3669,5151,8.7,8.7,5,9.9,8.15
3670,4557,8.7,8.7,4.9,9.9,8.15
3686,4805,7.9,7.6,6.7,9.9,9.2
3694,3380,7.5,7.5,5.1,9.9,7.65
3697,3360,7.9,7.7,6.6,9.9,8.5
3698,3388,7.5,7.5,4.9,9.9,7.3
3701,4885,8.7,8.7,4.9,9.9,8.15
3703,3389,7.5,7.5,4.8,9.9,7.7
3704,5003,7.9,7.6,6.7,9.9,9.2
3707,4511,7.9,7.6,5.9,9.9,9.1
3711,4305,7.9,7.6,6.6,9.9,8.5
3712,3719,7.8,7.6,6.6,9.9,8.15
3713,3409,7.7,7.7,5.9,9.9,8.8
3717,4520,8.2,8.2,5.5,9.9,8.6
3724,4816,8.7,8.7,4.9,9.9,8.15
3730,3656,7.9,7.7,6.5,9.9,8.8
3731,4257,7.5,7.5,4.9,9.9,7.25
3733,3477,9.1,9.1,9.2,9.9,8.15
3738,3385,7.8,7.7,7.2,7.2,7.9
3739,3450,7.9,7.7,6.5,9.9,8.6
3742,3594,7.9,7.6,7.4,9.9,8.9
3746,4817,8.7,8.7,4.7,9.9,8.2
3755,4452,7.9,7.6,5.4,9.9,8.15
3759,3400,8.4,8.4,8,9.9,9.05
3765,5135,9.1,9.1,6.6,9.9,8.15
3768,3580,8.6,8.6,8,9.9,8.95
3769,3462,8.5,8.5,8,9.9,9.1
3776,3752,8.6,8.6,8.4,9.9,8.8
3782,4531,8.8,8.8,6.7,9.9,8.8
3787,4556,7.9,7.6,7.2,9.9,8.7
3791,3425,7.9,7.6,6.3,9.9,7.65
3794,4825,7.8,7.8,5.1,9.9,5.9
3796,5147,7.9,7.9,5.5,9.9,5.9
3797,4296,7.7,7.6,6.4,9.9,8.65
3803,4035,8.4,8.4,7.5,9.9,9
3804,3470,7.6,7.6,5.3,9.9,9
3805,3436,7.6,7.6,5.4,9.9,9.05
3810,3802,7.9,7.7,6.2,9.9,9.05
3813,4383,8.7,8.7,4.9,9.9,8.1
3815,3444,7.5,7.5,5.4,9.9,8.85
3816,4689,8.3,8.3,6.4,9.9,8.15
3817,4680,8.8,8.8,7.2,9.9,8.1
3818,3446,8.3,8.3,8,9.9,8.1
3819,3981,7.7,7.7,7.1,7.1,7.9
3820,3526,7.7,7.7,5.2,9.9,9.1
3824,4507,7.9,7.6,6.3,9.9,8.2
3826,4685,9.1,9.1,8.4,9.9,9
3829,3458,8.3,8.3,8.1,9.9,8.15
3831,4930,8.3,8.3,8.1,9.9,7.8
3835,4133,7.6,7.6,5,9.9,8.1
3846,3468,5.9,7,5.3,6.5,7.9
3851,3473,7.7,7.2,7,7,7.9
3852,4467,7.7,7.5,8.1,9.9,8.05
3853,4538,8.7,8.7,5.8,9.9,8
3856,3481,7.9,7.7,6.9,6.9,7.8
3858,3901,7.4,7.4,4.9,9.9,8.15
3862,3487,6.1,4.9,3.3,9.9,7.75
3864,3489,7.5,7.3,6.3,9.9,7.9
3868,3776,8.5,8.5,8.4,9.9,9.15
3869,3739,8.5,8.5,8,9.9,9.1
3871,3678,8.5,8.5,8,9.9,9.15
3880,3504,8.5,8.5,8,9.9,9.15
3883,4882,7.9,7.7,6.9,9.9,9.15
3891,4898,8.3,8.3,8.1,9.9,8.15
3894,3516,8.3,7.6,6.8,9.9,8.15
3895,3513,8.3,8.3,8.1,9.9,7.35
3898,4501,9.1,9.1,8.1,9.9,7.65
3902,4878,9.1,9.1,8.1,9.9,8.15
3903,3520,8.3,8.3,8.1,9.9,8.15
3905,3522,8.2,8.2,6.3,9.9,7.85
3906,4688,8.2,7.6,6.6,9.9,8.75
3907,4700,8.7,8.7,4.9,9.9,8.15
3909,4183,7.9,7.6,6.8,9.9,8.75
3911,3529,8.3,8.3,8.1,9.9,8.15
3912,4209,9.1,9.1,8.1,9.9,8.1
3914,3613,8.8,8.8,6.8,9.9,8.75
3916,4326,8.7,8.7,6.3,9.9,8.85
3919,3604,7.9,7.6,5.9,9.9,9.2
3931,4818,8.2,8.2,8.1,9.9,8.05
3933,3551,8.3,8.3,8.1,9.9,8.15
3934,3552,8,7.6,6.6,9.9,7.65
3935,4543,9.1,9.1,8.1,9.9,8.15
3936,3554,8.3,8.3,8.1,9.9,8.1
3938,4840,8.8,8.8,6.2,9.9,8.6
3941,3557,7.5,7.5,5.4,9.9,8.15
3943,3560,8.3,8.3,8.1,9.9,8.15
3947,3565,7.6,7.1,5.1,6.4,7.9
3948,3566,7.5,7.5,5.3,9.9,8.15
3960,3699,7.5,7.5,5.4,9.9,8.15
3961,3578,8.3,8.3,8.1,9.9,8.15
3963,4528,7.9,7.7,5.9,9.9,9.2
3964,3676,8,7.7,7.2,9.9,9
3973,3696,7.9,7.6,6.3,9.9,8.1
3980,3690,8.4,8.4,7.8,9.9,8.75
3991,4853,7.9,7.7,5.9,9.9,9.15
3994,3896,8.3,8.3,8.1,9.9,8.2
3995,4510,8.3,8.3,8.1,9.9,8.15
3998,4517,7.6,7.3,6.4,9.9,7.95
4006,5217,8.3,8.3,8.1,9.9,8.15
4011,3614,8.3,8.3,8.1,9.9,8.15
4017,3622,7.5,7.1,6.7,6.7,7.9
4018,3619,7.6,7.5,5.9,5.4,8.15
4021,3621,7.7,7.2,6.9,6.9,7.9
4023,3693,8,7.6,6.8,9.9,8.15
4024,3633,8.3,8.3,8.1,9.9,8.15
4028,3629,8.3,8.3,7.6,9.9,8.15
4029,3631,8.3,8.3,8.1,9.9,8.15
4030,3634,8,7.5,6.3,9.9,8.15
4031,4256,7.5,7.3,6,9.9,8.05
4032,3639,7.5,7.1,6.7,6.7,7.9
4034,4458,9.1,9.1,8,9.9,8.05
4035,3637,9.1,9.1,8,9.9,7.75
4037,3640,8.3,8.3,6.3,9.9,8.95
4038,3702,7.5,7.5,4.9,9.9,8.15
4045,5051,7.9,7.6,7.6,9.9,8.6
4046,4707,8,7.6,6.1,9.9,8.1
4049,3652,7.4,7.4,5.2,9.9,8.1
4050,3647,7.7,7.5,8.1,9.9,8.1
4053,4382,8.8,8.8,5.4,9.9,8.75
4054,4217,9.1,9.1,8,9.9,8.1
4056,4679,8,7.5,6.6,9.9,8.15
4057,4614,9.1,9.1,8.1,9.9,7.55
4060,4374,9.1,9.1,7.7,9.9,8.15
4061,3661,8,7.6,6.3,9.9,8.1
4062,3662,8.1,7.6,6.4,9.9,8.15
4066,4536,8.3,7.6,6.9,9.9,8.15
4067,4469,8.8,8.8,7.7,9.9,8.15
4071,5181,7.3,7.3,5.2,9.9,8.15
4073,4429,7.3,7.3,4.9,9.9,8.15
4074,3675,7.5,7.1,6.7,6.7,7.9
4080,4484,7.6,7.5,6.7,9.9,8.15
4082,3682,8.1,8.1,8.1,9.9,8.15
4086,3685,7.2,7.1,5.2,6.6,7.9
4087,4916,7.6,7.1,5.2,6.6,7.9
4089,3785,7.9,7.5,6.6,9.9,7.95
4112,3890,8.4,8.4,8,9.9,9.15
4127,3773,8.8,8.8,5.9,9.9,8.7
4129,3725,8.3,8.3,8.1,9.9,8
4131,3774,8.4,8.4,8.4,9.9,9.15
4152,4863,8.8,8.8,5.2,9.9,8.15
4154,3813,7.8,7.6,6.6,9.9,8.15
4157,4913,9.1,9.1,8.1,9.9,8.15
4158,5104,7.5,7.3,5.7,9.9,8.05
4166,3754,7.7,7.3,6.9,6.9,7.9
4168,3748,8,8,5.3,6.3,8.15
4170,5184,9.1,9.1,6.3,9.9,8.95
4172,3830,7.9,7.7,6.7,9.9,9.1
4176,4265,7.5,7.5,4.3,9.9,5.9
4180,4904,8.6,8.6,6.1,9.9,8.15
4189,3814,7.7,7.5,6,9.9,8.85
4192,5175,8.8,8.8,5.3,9.9,8.85
4198,3815,8.3,8.3,8.4,9.9,8.9
4203,3805,8.5,8.5,7.9,9.9,9.15
4206,3823,8.5,8.5,8.4,9.9,9.15
4209,3837,7.8,7.7,6.2,9.9,9
4222,3875,8.2,8.2,6.9,9.9,8.2
4228,3907,8.1,7.7,6.8,9.9,9
4231,4435,8.8,8.8,6.6,9.9,7.55
4232,3848,8.1,8.1,8,9.9,8
4239,3806,8.2,8.2,6.7,9.9,8.2
4245,3865,8.5,8.3,8,9.9,8.05
4246,3852,7.7,7.6,6.2,9.9,8.85
4247,3854,7.9,7.6,6.3,9.9,8.7
4265,4211,7.8,7.2,5.6,9.9,9.05
4267,4756,7.6,7.6,5.2,9.9,9.15
4278,3928,7.9,7.7,6.5,9.9,9.15
4287,3844,5.5,6.1,3.6,9.9,6.75
4301,3886,8.2,8.2,7.7,9.9,8.15
4310,3888,8.5,8.5,8.4,9.9,9.1
4315,4721,9.1,9.1,8.4,9.9,9
4317,5231,8.8,8.8,5.7,9.9,8.15
4328,3906,7.5,7.3,6.1,9.9,8.45
4331,3933,7.9,7.6,7.5,9.9,8.15
4348,3930,7.9,7.7,6.4,9.9,8.7
4354,3908,8,7.7,6.9,9.9,9.1
4406,4445,8.3,8.3,6.1,9.9,7.95
4409,3917,8.3,8.3,6.3,9.9,9.15
4413,4112,8.8,8.8,6.8,9.9,7.75
4422,4854,8.8,8.8,6.8,9.9,8.15
4428,3947,8,7.6,6.9,9.9,8.9
4434,3941,7.3,7.3,5.2,9.9,8.15
4454,4031,7.9,7.7,6.6,9.9,8.7
4463,3990,7.9,7.6,6.7,9.9,8.8
4475,3945,8.1,7.6,6.4,9.9,9.2
4479,4603,8.8,8.8,7.1,9.9,8.7
4503,3954,8.4,8.4,8,9.9,8.8
4505,3955,8.8,8.8,6.6,9.9,8.85
4506,3957,8.3,8.3,5.9,6.9,8.2
4507,3959,8.4,8.4,6.3,9.9,5.9
4515,3964,7.8,7.6,5.3,6.4,7.9
4517,3968,8.3,8.3,8.1,9.9,8.2
4519,3987,8.2,8.2,5.9,4.7,8.15
4523,3973,7.5,7.5,6,6,5.9
4525,3974,8.2,8.2,6.4,9.9,8.2
4530,3991,7.4,7.2,4.5,6.7,5.9
4532,3992,9.1,9.1,5.9,9.9,8.65
4540,3980,7.8,7.6,6.7,9.9,8.2
4549,5013,7.6,7.2,7.1,7.1,7.9
4556,3995,7.1,6.6,2.2,9.9,8.8
4559,5161,8.2,8.2,6.7,9.9,8.05
4568,4027,7.9,7.6,6.9,9.9,8.15
4574,4946,8.3,8.3,8.1,9.9,8.2
4579,4010,8.2,8.2,8.3,9.9,8.75
4624,4731,8,7.6,6.9,9.9,9.25
4631,4084,9.1,9.1,8.4,9.9,9.05
4633,4701,9.1,9.1,6.9,9.9,8.5
4634,4961,9.1,9.1,8.4,9.9,8.45
4635,4108,8.4,8.4,8,9.9,8.9
4638,4068,7.5,7.4,5.7,9.9,8.1
4649,4393,8.3,8.3,6.8,9.9,8.2
4652,4363,8.7,8.7,5.5,9.9,8.75
4653,4077,8.8,8.8,6.8,9.9,8.15
4657,5060,8.8,8.8,5.1,9.9,9
4660,4078,9.1,9.1,5.8,9.9,8.15
4663,4090,8.5,8.5,5.9,9.9,8.75
4664,4089,8.8,8.8,6.7,9.9,9.2
4668,4343,7.8,7.7,6.2,9.9,9.25
4672,4334,7.9,7.7,6.6,9.9,9.25
4675,4706,8,7.6,6.7,9.9,9.25
4684,4386,9.1,9.1,8.4,9.9,8.8
4688,4062,7.9,7.6,6.6,9.9,8.15
4689,4102,7.8,7.6,8.1,9.9,8.55
4697,4118,7.9,7.6,5.9,9.9,9.2
4702,4416,8.9,8.9,4.9,9.9,9
4706,4115,8.4,8.4,8,9.9,8.95
4707,4322,7.6,7.2,7.1,7.1,5.9
4708,4654,9.1,9.1,8.4,9.9,8.8
4720,4158,8,7.6,6.9,9.9,9.15
4723,4085,7.9,7.6,6.8,9.9,8.15
4738,4202,9.1,9.1,8,9.9,8.8
4739,4196,9,9,8,9.9,8.75
4745,4259,8.7,8.7,6.5,9.9,8.15
4748,4394,7.9,7.6,6.8,9.9,8.2
4750,4303,8.7,8.7,4.9,9.9,8.2
4754,4161,9.1,9.1,8,9.9,8.75
4757,4715,8.8,8.8,6.5,9.9,8.2
4759,4136,8.8,8.8,6.8,9.9,8.15
4766,4127,7.8,7.5,6.1,9.9,8.15
4779,4141,8.7,8.7,8.4,9.9,5.9
4782,4177,9.1,9.1,8.4,9.9,9.25
4789,4176,8.8,8.8,6.6,9.9,9.05
4794,4939,7.5,7.5,4.9,9.9,8.1
4813,4499,8.8,8.8,6.7,9.9,9.15
4819,4189,7.6,7.6,5.1,9.9,8.2
4820,4519,9.1,9.1,6.1,9.9,8.5
4828,4678,9.1,9.1,8,9.9,9.1
4831,4230,8.7,8.7,6.3,9.9,5.9
4843,4331,9.1,9.1,8,9.9,8.8
4844,4210,9.1,9.1,7.7,9.9,8.15
4845,4234,8.8,8.8,6.9,9.9,8.1
4852,4344,8.8,8.8,6.8,9.9,8.1
4853,5191,8.9,8.9,5.6,9.9,8.95
4855,4249,8.8,8.8,5.8,9.9,9.15
4881,4309,9.1,9.1,8,9.9,8.15
4883,4204,8.5,8.5,8.4,9.9,8.9
4891,4346,9.1,9.1,7.3,9.9,8.15
4894,4212,8.4,8.4,8,9.9,9.1
4895,4910,8.8,8.8,6.6,9.9,8.35
4899,4216,7.7,7.7,6.6,6.6,7.9
4910,4220,8.3,8.3,6.6,9.9,8.1
4917,4357,7.8,7.8,5.9,9.9,8.1
4918,4223,7.8,7.6,5.2,9.9,8.2
4922,4225,7.4,7.3,5.2,5.5,5.9
4925,4238,7.6,7.1,6.5,6.5,7.9
4928,4228,7.6,7.3,5.9,6.6,7.9
4933,4231,7.9,7.6,6.6,9.9,8.2
4940,4906,8.8,8.8,6.7,9.9,9.15
4941,4293,7.8,7.6,6.6,9.9,9.15
4942,4631,8.2,8.2,6.4,9.9,8.9
4945,4237,7.5,7.5,8.1,9.9,5.9
4949,4711,7.8,7.6,8.1,9.9,8.55
4950,4242,7.4,7.3,5.7,9.9,8.15
4969,4282,8.7,8.7,5.9,9.9,8.2
4983,4250,7.6,7.5,6.9,9.9,8.15
5006,4285,8.7,8.7,6.3,9.9,8.2
5017,4262,7.4,7,5.3,6.6,7.9
5035,4294,8.7,8.7,5,9.9,8.15
5041,4328,8.8,8.8,6.5,9.9,8.85
5053,4637,9.1,9.1,6.2,9.9,7.85
5056,4273,8.4,8.4,8.4,9.9,9.1
5065,4568,9.1,9.1,8.1,9.9,8.1
5082,5187,9.1,9.1,8,9.9,8.7
5086,4333,8.7,8.7,5.4,9.9,8.2
5102,4551,8.7,8.7,6.9,9.9,8.15
5111,4377,9.1,9.1,8,9.9,8.8
5123,4368,9.1,9.1,7.7,9.9,8.05
5125,4388,8.7,8.7,5.3,9.9,5.9
5137,4365,8.8,8.8,6.8,9.9,8.15
5141,4370,7.3,7.3,4.8,9.9,8.15
5143,4385,9.1,9.1,8.2,9.9,8.15
5145,4351,8,7.7,6.8,9.9,9.2
5153,4655,8.9,8.9,5.3,9.9,8.85
5155,4396,8.8,8.8,6.9,9.9,8.55
5158,4395,8.8,8.8,5.2,9.9,9.1
5160,4366,5.9,7.4,5.2,9.9,5.9
5162,4734,8.9,8.9,5.1,9.9,8.95
5167,4454,8.7,8.7,5.3,9.9,8.2
5170,4397,5.9,8.7,4.7,9.9,8.15
5175,4582,9.1,9.1,6.2,9.9,9.15
5185,4424,8.7,8.7,5.8,9.9,8.15
5193,4437,9.2,9.2,5.4,9.9,8.2
5194,4417,9.2,9.2,5.4,9.9,8.2
5203,4754,9.1,9.1,8.1,9.9,8.15
5207,4617,8.7,8.7,5.9,9.9,8.2
5213,4448,8.8,8.8,5.2,9.9,9
5226,4457,8.7,8.7,4.5,9.9,7.75
5227,4443,9.1,9.1,8.1,9.9,8.75
5232,4498,8.7,8.7,5.1,9.9,8.2
5234,4463,8.7,8.7,6.4,9.9,8.4
5236,4548,9.1,9.1,8,9.9,8.75
5242,4709,8.8,8.8,6.9,9.9,8.2
5249,4440,7.3,7.3,4.2,9.9,8.15
5255,4886,8.7,8.7,6.2,9.9,8.15
5258,4472,8.7,8.7,5,9.9,8.15
5269,4490,9.1,9.1,6.8,9.9,8.15
5272,5102,7.6,7.5,6.7,9.9,8.2
5276,4493,8.7,8.7,5.7,9.9,8.8
5281,4506,7.7,6.3,7.4,7.4,8.05
5285,4541,8.8,8.8,6.8,9.9,9.05
5291,4523,8.2,8.2,6.2,9.9,8.95
5292,4489,8.3,8.3,8,9.9,8.1
5297,4524,9,9,8.2,9.9,8.15
5300,4976,8.8,8.8,7.2,9.9,8.55
5301,4480,8.4,8.4,5.9,9.9,9.1
5306,4515,8.8,8.8,5.6,9.9,7.7
5315,4773,8.8,8.8,7.4,9.9,5.9
5318,4562,8.5,8.5,6.7,9.9,8.15
5328,4624,8.8,8.8,5.4,9.9,8.15
5329,4508,9.2,9.2,5.3,9.9,8.2
5338,5172,9,9,8.1,9.9,8.15
5345,4522,8.3,8.3,7.2,9.9,8.15
5352,4563,8.8,8.8,6.3,9.9,8.65
5357,4529,7.8,7.6,6.6,9.9,7.85
5358,4530,7.5,7.4,5.9,9.9,8.2
5365,4540,8.8,8.8,6,9.9,8.1
5377,4902,8.6,8.6,8.1,9.9,8.15
5381,4999,8.9,8.9,6.8,9.9,9.2
5383,4550,7.5,7.3,4.8,9.9,8.15
5393,4560,8.4,8.4,8.2,9.9,8.9
5397,4629,8.8,8.8,7.1,9.9,9.1
5403,4643,9.1,9.1,8,9.9,8.15
5408,4673,8.9,8.9,7.4,9.9,9
5427,4571,9.1,9.1,8.1,9.9,7.6
5435,4576,8.9,8.9,5.1,9.9,5.9
5437,4578,7.5,7.4,6.3,9.9,8.1
5442,4583,9.1,9.1,8.3,9.9,8.7
5449,4585,8.2,8.2,8.1,9.9,7.8
5454,4641,7.5,7.4,5.2,9.9,8.1
5456,4590,7.7,7.7,6.7,6.7,7.9
5458,4592,8.3,8.3,7.1,9.9,8.85
5461,4879,7.5,7.5,5.3,9.9,8.15
5462,4708,8.8,8.8,6.9,9.9,8.15
5464,4918,8.7,8.7,6.7,9.9,8.15
5470,4602,9.1,9.1,6.3,9.9,8.15
5471,4649,8.5,8.5,5.7,9.9,9
5473,4601,8.8,8.8,6.6,9.9,8.15
5481,4848,9.1,9.1,8,9.9,8.15
5482,4935,9.1,9.1,8,9.9,8.15
5493,4611,8.3,8.3,6.5,9.9,9.2
5495,4725,8.7,8.7,6.2,9.9,9.1
5498,4615,8.7,8.7,5.8,9.9,8.15
5499,4619,8.4,7.6,6.9,9.9,8.15
5502,4808,8.8,8.8,6.1,9.9,8.75
5504,4674,8.8,8.8,5.5,9.9,9
5513,4691,7.9,7.6,6.8,9.9,8.2
5515,4955,8.8,8.8,6.7,9.9,8.05
5519,4625,9.1,9.1,6.9,9.9,8.1
5521,4626,8.7,8.7,5.4,9.9,8.15
5522,5180,8.2,8.2,6.4,9.9,8.15
5525,4672,8.8,8.8,6.9,9.9,8.1
5526,4628,8.7,8.7,8.1,9.9,7.2
5527,4642,7.8,7.7,6.7,6.7,7.9
5533,4633,9.1,9.1,6.1,9.9,8.2
5535,4634,5.5,6.1,2,9.9,6.75
5537,4638,8.3,8.3,6.7,9.9,8.15
5544,4646,7.6,7.2,6.7,6.7,7.7
5546,4899,5.9,8.7,4.1,9.9,8.05
5548,4717,8.8,8.8,5.8,9.9,8.2
5550,4895,8.8,8.8,5.6,9.9,8.1
5551,4710,8.8,8.8,6.7,9.9,8.15
5555,4728,7.9,7.6,6.3,9.9,8.2
5556,4651,9.1,9.1,6.8,9.9,8.1
5560,4653,7.7,7.5,8.1,9.9,8.15
5561,4657,8.7,8.7,5.9,9.9,7.5
5562,4656,7.7,7.7,5.5,6.9,7.9
5564,4658,8.8,8.8,6.3,9.9,8.85
5568,4661,9.1,9.1,5.9,9.9,8.15
5569,4660,8.6,8.6,4.2,9.9,5.9
5573,4767,8.7,8.7,8.1,9.9,5.9
5574,4813,8.7,8.7,8.1,9.9,5.9
5576,4824,8.8,8.8,8.1,9.9,5.9
5588,4850,8.8,8.8,8.1,9.9,8.2
5591,4777,8.8,8.8,8.1,9.9,8.2
5593,4665,8.8,8.8,6.5,9.9,8.1
5594,5137,8.7,8.7,6.2,9.9,8.15
5595,5143,8.8,8.8,6.9,9.9,9.05
5597,4667,8.6,8.6,6.4,9.9,8.15
5603,4669,7.5,7.3,8.1,9.9,8.05
5611,4979,8.2,8.2,2,9.9,6.2
5613,4956,8.7,8.7,6.5,9.9,9.15
5622,4684,9.1,9.1,7.6,9.9,7.55
5635,4733,9.1,9.1,7.6,9.9,8.85
5637,4692,7.4,7,5.8,6.6,7.9
5638,4695,9,9,8,9.9,9.2
5644,4703,7.7,7.7,7.1,7.1,7.9
5647,4809,9.2,9.2,5.4,9.9,8.2
5651,4827,8.7,8.7,5.2,9.9,8.1
5655,4775,8.7,8.7,6.1,9.9,8.2
5662,4714,7.7,7.1,6.3,6.3,7.9
5665,4917,8.5,8.5,6.4,9.9,8.2
5668,4937,7.9,7.7,6.8,9.9,8.2
5670,4786,8.6,8.6,8.1,9.9,8.1
5674,4722,7.2,7.1,5.3,6.6,7.9
5679,4729,8.4,8.4,5.9,9.9,7.2
5686,4811,8.7,8.7,6.8,9.9,7.75
5689,4761,9.1,9.1,8.4,9.9,5.9
5692,4727,7.4,6.9,6.5,6.5,7.9
5694,4947,8.8,8.8,6.1,9.9,8.05
5697,4798,8.9,8.9,6.6,9.9,8.2
5710,4839,9.1,9.1,8,9.9,9.05
5713,4768,9,9,8.1,9.9,8.15
5717,4739,9.1,9.1,8.4,9.9,8.15
5718,4741,8.1,8.1,6.6,9.9,8.15
5724,4896,7.8,7.5,5.4,9.9,9.05
5725,4819,8.8,8.8,6.7,9.9,8.7
5728,4744,8.7,8.7,5.1,9.9,8.05
5729,4745,8.9,8.9,6.3,9.9,9.25
5730,4746,9.1,9.1,8,9.9,8.15
5732,4747,7.9,7.7,5.9,9.9,9.2
5735,4748,8.8,8.8,6.1,9.9,5.9
5736,4749,5.9,7.4,4.9,9.9,8.15
5738,4751,8.9,8.9,6.1,9.9,8.15
5739,4753,7.5,7.5,4.9,9.9,8.1
5744,4757,8.3,8.3,8,9.9,9.15
5750,4760,9.1,9.1,6.5,9.9,8.1
5758,4893,8.7,8.7,5.1,9.9,8.15
5759,5062,5.9,8.3,4.7,9.9,5.9
5762,4770,7.7,7.6,6.8,6.8,7.9
5763,4771,9.1,9.1,6.7,9.9,8.1
5764,4772,8.3,8.3,6.4,9.9,7.7
5765,4782,7.6,7.5,6.3,9.9,8.1
5769,4783,8.3,8.3,8.1,9.9,8
5771,4857,8.7,8.7,6.9,9.9,8.2
5782,4841,9.1,9.1,8,9.9,9.15
5784,5148,9.1,9.1,8.4,9.9,9.2
5792,4796,7.8,7.6,6.5,9.9,8.85
5802,4807,8.8,8.8,6.7,9.9,8.15
5842,4925,9,9,8,9.9,8.95
5843,4884,9.1,9.1,8,9.9,9.2
5844,4843,8.8,8.8,5.3,9.9,8.15
5854,4964,8.8,8.8,5.6,9.9,9.1
5855,4890,8.6,8.6,4.9,9.9,8.05
5856,4926,9.1,9.1,8,9.9,9.2
5872,4851,8.9,8.9,6.8,9.9,9.25
5875,4855,5.9,7.1,4.7,6.5,7.9
5881,4883,9.1,9.1,8.4,9.9,8.45
5889,5005,8.9,8.9,3.8,9.9,9.05
5892,4860,7.5,7.4,5.7,9.9,8.15
5898,4907,8.7,8.7,6.9,9.9,9.2
5913,4901,8.8,8.8,6.5,9.9,8.15
5921,5098,8.8,8.8,6.8,9.9,9.25
5932,4912,9.1,9.1,8.4,9.9,8.6
5942,5076,8.8,8.8,7.2,9.9,9
5943,4991,8.8,8.8,7.4,9.9,9
5945,4929,8.8,8.8,7.5,9.9,9
5946,5053,8.8,8.8,7.1,9.9,9
5947,5075,8.8,8.8,7.5,9.9,9
5956,4915,9.2,9.2,5.3,9.9,8.2
5970,5036,8.7,8.7,5.2,9.9,8.15
5975,4889,8.8,8.8,5.7,9.9,8.1
5978,5044,8.5,8.5,5.9,9.9,9.2
5981,4892,7.9,7.6,6.8,9.9,9.25
5985,4974,8.8,8.8,3.4,9.9,9.05
5994,4894,7.9,7.6,6.6,9.9,8.15
6001,4966,8.8,8.8,5.6,9.9,8.2
6004,4971,9.2,9.2,5.4,9.9,8.2
6012,5169,8.8,8.8,6.9,9.9,8.7
6013,5077,5.9,8.7,4.8,9.9,8.2
6018,5054,8.8,8.8,8.1,9.9,5.9
6025,4922,8.1,8.1,6.7,9.9,5.9
6031,4934,8.3,8.3,5.9,9.9,9.1
6036,4938,8.7,8.7,5.5,9.9,7.9
6038,4941,8.6,8.6,5.7,9.9,8.15
6048,5010,9,9,8,9.9,9.05
6052,4986,9.1,9.1,8.4,9.9,9.15
6055,5017,9.1,9.1,8.4,9.9,9
6057,4988,9,9,8,9.9,9.2
6058,4984,8.7,8.7,6.6,9.9,8.2
6062,4954,8.4,8.4,8,9.9,9
6063,4993,9.1,9.1,8,9.9,9.2
6065,4950,7.2,7.2,5.1,6.6,7.9
6066,4996,7.9,7.6,6.6,9.9,8.9
6067,4953,7.5,7.4,6.2,9.9,8.65
6076,4990,9.1,9.1,6.6,9.9,8.15
6078,4992,8.6,8.6,6.1,9.9,8.1
6080,5155,9.1,9.1,7.4,9.9,8.15
6085,4957,7.3,7.3,5.2,9.9,8.2
6086,4958,9.1,9.1,7.5,9.9,6.8
6091,4998,8.6,8.6,5.5,9.9,8.15
6094,5162,8.8,8.8,6.9,9.9,8.15
6097,4967,7.3,7.1,6.5,6.5,5.9
6102,5002,8.7,8.7,4.5,9.9,8.2
6103,4977,9.1,9.1,8.1,9.9,8.9
6105,4969,7.5,7.3,6.3,9.9,5.9
6110,5068,8.8,8.8,6.2,9.9,8.9
6117,5042,9.1,9.1,8,9.9,9.2
6118,4975,7.7,7.5,8.1,9.9,8.1
6119,5018,8.2,8.2,5.3,9.9,9.15
6123,5008,8.8,8.8,5.5,9.9,8.1
6127,5019,8.7,8.7,4.8,9.9,8.15
6130,5066,8.7,8.7,4.5,9.9,8.15
6134,5016,9,9,5.9,9.9,8.6
6149,4981,8.3,8.3,6.9,9.9,8.15
6151,5228,9.1,9.1,8,9.9,8.15
6155,5040,8.6,8.6,5.6,9.9,8.2
6157,4985,7.6,7.6,5.2,9.9,8.65
6158,5033,8.8,8.8,6.7,9.9,8.85
6159,5157,9.1,9.1,8,9.9,8.85
6170,5011,8.3,8.3,8,9.9,8.1
6171,5215,7.9,7.7,6.7,9.9,9.2
6173,5074,8.7,8.7,5.4,9.9,8.15
6184,5124,8.7,8.7,4.9,9.9,5.9
6187,5214,8.6,8.6,8.1,9.9,8.1
6191,5004,7.7,7.6,5.5,9.9,8.2
6194,5197,8.6,8.6,5.5,9.9,8.15
6200,5125,8.7,8.7,6.2,9.9,5.9
6204,5108,7.1,7.1,3.9,9.9,8.05
6209,5134,7.9,7.7,6.5,9.9,8.85
6210,5071,9.1,9.1,8.4,9.9,9.05
6212,5094,8.8,8.8,6.7,9.9,8.4
6214,5205,8.4,8.4,6.3,9.9,9.2
6217,5121,8.8,8.8,6.9,9.9,8.15
6224,5106,8.8,8.8,6.8,9.9,9.15
6229,5039,8.8,8.8,6.8,9.9,9.25
6232,5126,7.5,7.3,6.2,9.9,8.2
6236,5049,7.5,7.3,5.9,9.9,8.1
6237,5132,7.6,7.1,6.7,6.7,7.9
6238,5020,8.2,8.2,6.2,9.9,9.2
6239,5021,8.2,8.2,7.5,9.9,8.8
6240,5022,9.1,9.1,8.4,9.9,9
6242,5105,7.9,7.7,6.8,9.9,9
6245,5027,7.7,7.7,5.9,6.9,7.9
6246,5026,7.9,7.7,6.7,9.9,8.95
6248,5028,8.3,8.3,6.3,9.9,9.15
6252,5031,8.3,8.3,6.4,9.9,8.15
6253,5150,7.6,7.6,5.5,9.9,8.95
6258,5045,7.9,7.6,6.3,9.9,8.2
6259,5034,7.9,7.6,6.1,9.9,9
6260,5035,9.1,9.1,7.9,9.9,8.6
6262,5038,9.1,9.1,7.9,9.9,7.8
6263,5103,7.9,7.6,6.9,9.9,8.75
6266,5088,8.7,8.7,6.6,9.9,8.15
6268,5110,8.7,8.7,4.8,9.9,8.15
6272,5041,7.8,7.6,5.9,9.9,8.05
6273,5084,7.4,7,6.5,6.5,7.9
6274,5107,8.8,8.8,6.3,9.9,8.15
6277,5100,9.1,9.1,8.1,9.9,8.1
6278,5050,8.4,8.4,8,9.9,8.7
6281,5140,9,9,8,9.9,9.15
6283,5048,8.4,8.4,5.9,9.9,8.2
6287,5115,9.1,9.1,8,9.9,8.75
6288,5186,8.8,8.8,5.3,9.9,8.15
6290,5092,8.7,8.7,4.9,9.9,8.15
6291,5160,9.1,9.1,7.5,9.9,8.15
6294,5095,5.9,8.6,5.1,9.9,8.1
6297,5101,8.8,8.8,6.7,9.9,9
6299,5120,8.7,8.7,5.2,9.9,8.15
6303,5070,8.8,8.8,6.3,9.9,8.65
6304,5166,7.9,7.5,5.5,9.9,8.15
6306,5090,8.2,8.2,5.5,9.9,8.1
6308,5136,5.9,8.7,4.9,9.9,5.9
6309,5061,9.1,9.1,8,9.9,7.9
6310,5064,9.1,9.1,8.4,9.9,8.6
6311,5111,9.1,9.1,8,9.9,8.2
6313,5193,9.1,9.1,6.9,9.9,8.2
6314,5201,9.1,9.1,8,9.9,8.2
6317,5072,8.4,8.4,5.9,9.9,9.1
6319,5208,9.1,9.1,8.4,9.9,8.1
6324,5230,8.8,8.8,5.3,9.9,8.75
6325,5063,7.5,7.4,5.2,4.7,5.9
6326,5073,7.4,7,5.8,6.4,7.9
6327,5078,8.6,8.6,5.9,9.9,8.15
6330,5179,7.1,6.2,2,9.9,8.1
6334,5178,9.1,9.1,8.4,9.9,8.15
6335,5093,7.6,7.2,6.6,6.6,7.9
6338,5097,8.1,7.7,7.6,9.9,9
6339,5067,7.9,7.6,5.9,9.9,9.05
6340,5128,9.2,9.2,4.6,9.9,8.15
6342,5080,8.8,8.8,8.1,9.9,5.9
6346,5116,9,9,7.8,9.9,8.2
6349,5190,9.1,9.1,8,9.9,8.15
6350,5203,9,9,8,9.9,8.2
6354,5183,8.8,8.8,5.5,9.9,8.2
6356,5079,9,9,8.1,9.9,8.85
6359,5117,7.7,7.6,5.5,9.9,9.1
6360,5081,9.2,9.2,5.2,9.9,8.2
6362,5082,7.5,7.5,6.2,6.2,5.9
6363,5171,8.8,8.8,5.2,9.9,8.1
6365,5083,8.3,8.3,7.9,9.9,8.1
6366,5238,7.5,7.1,6.5,6.5,7.9
6367,5114,9.1,9.1,8.4,9.9,8.55
6370,5109,7.9,7.6,5.4,9.9,8.1
6371,5087,8.1,8.1,6.7,9.9,8.15
6373,5089,7.9,7.7,6.9,9.9,9.3
6393,5200,9,9,6.6,9.9,8.15
6394,5096,7.3,7,6.5,6.5,7.6
6404,5163,7.6,7.4,5.8,9.9,8.1
6410,5233,7.6,7.5,5.9,5.8,7.8
6412,5129,8.5,8.5,8,9.9,9.1
6413,5156,9.2,9.2,5.3,9.9,8.2
6420,5112,8.8,8.8,6.3,9.9,8.45
6422,5192,7.9,7.6,6.1,9.9,8.85
6426,5119,8.8,8.8,6.5,9.9,8.15
6427,5118,7.9,7.6,6.5,9.9,8.15
6428,5194,8.8,8.8,6.4,9.9,8.15
6434,5122,9.1,9.1,6.5,9.9,8.95
6435,5164,8.7,8.7,5.1,9.9,8.15
6438,5123,8.3,8.3,8.1,9.9,8.2
6439,5141,8.6,8.6,8,9.9,9.1
6443,5127,7.9,7.6,6.8,9.9,8.15
6445,5131,8.3,8.3,8,9.9,8.1
6447,5139,8.9,8.9,7.8,9.9,8.15
6448,5146,7.5,7.5,5.1,9.9,8.2
6453,5198,9,9,8.3,9.9,5.9
6454,5144,8.3,8.3,8,9.9,8.1
6455,5145,7.9,7.7,6.8,9.9,8.4
6459,5149,8.2,8.2,8.1,9.9,7.85
6461,5152,9.1,9.1,8.3,9.9,8
6463,5158,8.8,8.8,6.9,9.9,9.1
6466,5199,8.4,8.4,5.6,9.9,7.7
6470,5196,8.7,8.7,6,9.9,8.15
6475,5165,8.2,8.2,8.7,8.7,8.75
6477,5167,7.9,7.7,7.1,7.1,7.9
6480,5168,8.1,8.1,6.4,9.9,8.1
6481,5234,9.1,9.1,8,9.9,9.2
6488,5173,8.3,8.3,6.1,9.9,9.15
6505,5212,8.8,8.8,5.2,9.9,8.2
6507,5219,9.1,9.1,7.8,9.9,8.65
6509,5211,9.1,9.1,8.2,9.9,8.15
6516,5210,8.9,8.9,4.8,9.9,6.8
6519,5185,8.2,8.2,5.9,5.8,8.2
6520,5189,9.1,9.1,8,9.9,8.65
6547,5224,7.6,7.2,6.8,6.8,7.9
6555,5222,8.6,8.6,8.1,9.9,5.9
6569,5213,8.8,8.8,6.7,9.9,9.25
6571,5221,9.1,9.1,5.5,9.9,8.15
6572,5226,8.7,8.7,5.2,9.9,8.15
6574,5223,7.6,7.5,6.5,9.9,8.05
6577,5237,9.1,9.1,7.5,9.9,8.1
6579,5232,8.2,8.2,6.5,9.9,8.15
6588,5236,8.7,8.7,5.7,9.9,8.2
